Term, Description
Instance variable, A variable inside an class. It can only be seen in the same class if private. (Should always be)
Getters, Getter methods are used to get instance variable values from an object (When they are private) Written as: Public int getValue() { return value; }
Setters, Setters are used to control how the client can change a value. We can setup conditions that ensure the value is gonna be set to a valid value. public void setValue(int amount) { if (value + amount > 100) { sout("You cant do that") } else{ value += amount; }
Constructors, Constructors are a special method used to create the object based on given instructions. We can have mulitple constructors (overloading) as long as the yhave diffrent parameters in creating them
Overloading constructors, Having multiple consructors in the same class when creating an object. with diffrent parameters to distinguish between them.
Shadow parameters, When using the same name as the instance variable in the parameters for the constructor.
Void, Void is an method that simply does what you specify within that segment, it does not return anything at all. simply does it and moves on.
return methods, Return methods as the name implies returns some sort of value (Can be both primative and non-primative). Can be usefull for calculations as in returning a value based on arguments.
Class, Classes are blueprints for objects - its here instance variables and constructors are located
The different names for an object?, object reference, object, instance (of an class)
Copy constructor, A copy constructor takes a object as an argument and sets the valvues as the same.
ArrayList<>, ArrayList<> is a special type of Array wich does not need to be declared with a certain size. it can be of the diffrent datatypes and objects (can only hold non primatives). It follows the same rules for indexing as "normal" arrays. with the caviat of needing to use ".get(index)" when getting specefing the object you wanna get. An ArrayList is an class wich means that when you make an ArrayList you are sorta making an object (instance of an class) You can use certain methods on an ArrayList<>: .add .remove
toString, An method wihtin the printLn class that prints your objects. It should be written as an return method wihing your class. you can coustimize the output as you wish if not written you will simply just get the refrence to the object in your memory
Private, Private is a suffix that means that it can only be acssed and or changed within the class. if you wanna do that outside of the class wich the private instace variable or method is you should use getters
Traversing an array, going through each index/value in the array. one at a time. Normally used when talking about forloops
Global values, Global values are instance variables wich are declared/insitalized within the global scope i.e not wihin any methods and therefore it simply just exsist whihin the class.
Main, Where your program starts. Should be kept as minimal as possible
this, this is an optional(ish) prefix when working with objects. it simply means its this (the object we are calling the method on) variables value we are working with. Can be used to make it eaiser to read
Static variables, Static variables are variables which all of the objects of that class shares. it dosnt have to be specefied that it contains that value. it can be itterated within the constructor making it a usefull tool for count
Static methods, Can be used so they can be called on the class rather than on an object. usefor for operations such as printing dividers or getting userinput.
Encapsulation, Hiding your data within an instance of the class (object). (Via private moddifier) Making it so the data only can be accsessed through the object. If you wanna do something with the encapsulated data then you must go through the class it beongs too
Client, A client is someone who uses the objects of an class. i.e a class can be a client of another class. It can only access the publicy avaliable information (Cant get the private variables without the use of getters)
While loops, A block that runs until the the conditions are met (and checked). Usefull when you dont know how many times a block should run
Enhanced for-loop, Also called an for each loop. simply a faster way to write a forloop for an array. Downside is not being able to use the loop variable(Typically i) for other operations within the loop
Comparing strings, We need to use ".equals()" as its not a primitive dataype. We therefor call the method .equals on our string variable. Technically its becurse strings only refer to a certain point in the memory witch cointains our string so you are asking if these two variables are in the same place of the memory (they could be, but only if you made it so) and therefore do you ask if their value is the same insted.
Pass by refrence and Pass by value, Pass by refrence is giving a refrence to some value when passing information into an argument (Where the data is stored, bit location) Pass by value insted is simply giving a value as an argument when passing information As everything in java is an assigment of some data, it means that it always passes on the value that the refrence contains i.e java is always a pass by value language. A mehtod can change the value of a object but it cant change its refrence location.
primitive and nonprimitive datatypes, Primitive datatypes: pre built into java, start with lowercase when declaring, primative always holds a value they cant be "null" - Int - double - char - boolean Non primative datatypes: Made by us (Exept for String) Methods can be called on it. (.equals .length) Can be null value (Not contain any value not even 0) - String - Arrays - Objects
Objektsystem, En tegning/systemmet af hvordan objekterne relatere til hinanden, god måde at skabe overblik over hvad objekterne endeligt gør
Indirection, Introudcing a middle layer between the client and the class you wanna interact with. by doing this you in theory should decouple the methods you wanna use ensureing that you dont change something that would effect another client
Delegation, a client requesing something from a class, the class then can split up the respobility requsting something from other clases wich then returns with part of the information. the original class being requested can then either return the data or do something with it (adapting) so the return is apropriate
Adapter class, Used as an layer inbetween a client and class to make sure everything is the right datatype/parameter to make sure we dont need to change someting somewhere else (Legacy software)
Service methods/Hjælpe metoder, Methods that are only used within the class and are never called on instances of the object (Usefull to make them private)